{"board":[{"_id":"5f154631d1335a110b8f3b25","author":{"image":"1594616003787-스크린샷 2020-07-09 오후 5.24.35.png","_id":"5ef2dfef40fcdd2eff402103","email":"admin@gmail.com","username":"박쑤진"},"views":1,"title":"테스트입니다. ","body":"<p>테스트입니다.&nbsp;</p>","category":"공지","file":[{"isDeleted":false,"_id":"5f154631d1335a110b8f3b26","originalFileName":"1.png","serverFileName":"1595229745482-1.png","size":103158}],"createdAt":"2020-07-20T07:22:25.496Z","__v":0,"comment":{"_id":"5f15463ad1335a110b8f3b27","author":{"image":"1594616003787-스크린샷 2020-07-09 오후 5.24.35.png","_id":"5ef2dfef40fcdd2eff402103","username":"박쑤진","email":"admin@gmail.com"},"parentComment":{"hasComment":"no"},"isDeleted":false,"board":"5f154631d1335a110b8f3b25","text":"테스트입니다. 테스트입니다. ","createdAt":"2020-07-20T07:22:34.046Z","__v":0}},{"_id":"5f15464dd1335a110b8f3b28","author":{"image":"1594616003787-스크린샷 2020-07-09 오후 5.24.35.png","_id":"5ef2dfef40fcdd2eff402103","email":"admin@gmail.com","username":"박쑤진"},"views":0,"title":"ㄴㅁㅇㄹㅁㄴㅇㄹ","body":"<p>테스트입니다.&nbsp;테스트입니다.&nbsp;</p>","category":"QnA","file":[{"isDeleted":false,"_id":"5f15464dd1335a110b8f3b29","originalFileName":"01_01_01_P.xlsx","serverFileName":"1595229773128-01_01_01_P.xlsx","size":1899586}],"createdAt":"2020-07-20T07:22:53.143Z","__v":0},{"_id":"5f154656d1335a110b8f3b2a","author":{"image":"1594616003787-스크린샷 2020-07-09 오후 5.24.35.png","_id":"5ef2dfef40fcdd2eff402103","email":"admin@gmail.com","username":"박쑤진"},"views":0,"title":"ㅁㄴㅇㄹㅁㄴㅇㄹㅁㄴㅇㄹㅁㄴㅇㄹ","body":"<p>ㄴㅇㄹㅁㄴㅇㄹㅁㄴㅇㄹㅁㄴㅇㄹㄴㅇㄹ</p>","category":"공지","file":[],"createdAt":"2020-07-20T07:23:02.168Z","__v":0},{"_id":"5f154679d1335a110b8f3b2b","author":{"image":"1594616003787-스크린샷 2020-07-09 오후 5.24.35.png","_id":"5ef2dfef40fcdd2eff402103","email":"admin@gmail.com","username":"박쑤진"},"views":0,"title":"테스트입니다. 테스트입니다. 테스트입니다. 테스트입니다. 테스트입니다. ","body":"<p>테스트입니다.&nbsp;테스트입니다.&nbsp;테스트입니다.&nbsp;테스트입니다.&nbsp;</p>","category":"QnA","file":[{"isDeleted":false,"_id":"5f154679d1335a110b8f3b2c","originalFileName":"5f0be83a95e19706f785ad4a.png","serverFileName":"1595229817089-5f0be83a95e19706f785ad4a.png","size":41652},{"isDeleted":false,"_id":"5f154679d1335a110b8f3b2d","originalFileName":"화재통계(2015).csv","serverFileName":"1595229817090-화재통계(2015).csv","size":6550729}],"createdAt":"2020-07-20T07:23:37.115Z","__v":0},{"_id":"5f15468cd1335a110b8f3b2e","author":{"image":"1594616003787-스크린샷 2020-07-09 오후 5.24.35.png","_id":"5ef2dfef40fcdd2eff402103","email":"admin@gmail.com","username":"박쑤진"},"views":0,"title":"테스트테스트","body":"<p>테스트테스트테스트테스트</p>","category":"공지","file":[{"isDeleted":false,"_id":"5f15468cd1335a110b8f3b2f","originalFileName":"(2020.1.1.기준)광주광역시 소방시설업체 현황.csv","serverFileName":"1595229836552-(2020.1.1.기준)광주광역시 소방시설업체 현황.csv","size":369}],"createdAt":"2020-07-20T07:23:56.556Z","__v":0},{"_id":"5f15469ad1335a110b8f3b30","author":{"image":"1594616003787-스크린샷 2020-07-09 오후 5.24.35.png","_id":"5ef2dfef40fcdd2eff402103","email":"admin@gmail.com","username":"박쑤진"},"views":0,"title":"테스트테스트테스트테스트테스트테스트테스트테스트테스트테스트테스트테스트테스트테스트","body":"<p>테스트테스트테스트테스트테스트테스트테스트테스트테스트테스트테스트테스트테스트테스트</p>","category":"QnA","file":[{"isDeleted":false,"_id":"5f15469ad1335a110b8f3b31","originalFileName":"5f01e199f1ee384d839cbfad (1).png","serverFileName":"1595229850288-5f01e199f1ee384d839cbfad (1).png","size":0}],"createdAt":"2020-07-20T07:24:10.292Z","__v":0},{"_id":"5f1546b4d1335a110b8f3b32","author":{"image":"1594616003787-스크린샷 2020-07-09 오후 5.24.35.png","_id":"5ef2dfef40fcdd2eff402103","email":"admin@gmail.com","username":"박쑤진"},"views":1,"title":"테스트테스트테스트테스트테스트테스트테스트테스트테스트테스트테스트테스트테스트테스트테스트테스트테스트테스트","body":"<p>테스트테스트테스트테스트테스트테스트테스트테스트테스트테스트테스트테스트테스트테스트테스트테스트테스트테스트테스트테스트테스트테스트테스트테스트테스트테스트</p>","category":"QnA","file":[],"createdAt":"2020-07-20T07:24:36.992Z","__v":0,"comment":{"_id":"5f1546d2d1335a110b8f3b34","author":{"image":"1594616003787-스크린샷 2020-07-09 오후 5.24.35.png","_id":"5ef2dfef40fcdd2eff402103","username":"박쑤진","email":"admin@gmail.com"},"parentComment":{"hasComment":"no"},"isDeleted":false,"board":"5f1546b4d1335a110b8f3b32","text":"김치말이국수김치말이국수김치말이국수김치말이국수김치말이국수김치말이국수김치말이국수김치말이국수김치말이국수ㅍ","createdAt":"2020-07-20T07:25:06.538Z","__v":0}},{"_id":"5f1546ead1335a110b8f3b35","author":{"image":"1594616003787-스크린샷 2020-07-09 오후 5.24.35.png","_id":"5ef2dfef40fcdd2eff402103","email":"admin@gmail.com","username":"박쑤진"},"views":1,"title":"삼겹살삼겹살삼겹살삼겹살삼겹살삼겹살삼겹살삼겹살삼겹살삼겹살","body":"<p>삼겹살삼겹살삼겹살삼겹살삼겹살삼겹살삼겹살삼겹살삼겹살삼겹살</p>","category":"QnA","file":[{"isDeleted":false,"_id":"5f1546ead1335a110b8f3b36","originalFileName":"5f01e199f1ee384d839cbfad (4).png","serverFileName":"1595229930458-5f01e199f1ee384d839cbfad (4).png","size":200072}],"createdAt":"2020-07-20T07:25:30.464Z","__v":0,"comment":{"_id":"5f1546f5d1335a110b8f3b37","author":{"image":"1594616003787-스크린샷 2020-07-09 오후 5.24.35.png","_id":"5ef2dfef40fcdd2eff402103","username":"박쑤진","email":"admin@gmail.com"},"parentComment":{"hasComment":"no"},"isDeleted":false,"board":"5f1546ead1335a110b8f3b35","text":"물냉면물냉면물냉면물냉면물냉면물냉면물냉면물냉면물냉면물냉면물냉면물냉면","createdAt":"2020-07-20T07:25:41.786Z","__v":0}},{"_id":"5f15471dd1335a110b8f3b38","author":{"image":"1594616003787-스크린샷 2020-07-09 오후 5.24.35.png","_id":"5ef2dfef40fcdd2eff402103","email":"admin@gmail.com","username":"박쑤진"},"views":0,"title":"닭도리탕 맛있어 닭도리탕 맛있어 닭도리탕 맛있어 닭도리탕 맛있어 닭도리탕 맛있어 닭도리탕 맛","body":"<p>닭도리탕 맛있어&nbsp;닭도리탕 맛있어&nbsp;닭도리탕 맛있어&nbsp;닭도리탕 맛있어&nbsp;닭도리탕 맛있어&nbsp;닭도리탕 맛있어&nbsp;닭도리탕 맛있어&nbsp;닭도리탕 맛있어&nbsp;닭도리탕 맛있어&nbsp;</p>","category":"QnA","file":[],"createdAt":"2020-07-20T07:26:21.536Z","__v":0},{"_id":"5f15473dd1335a110b8f3b39","author":{"image":"1594616003787-스크린샷 2020-07-09 오후 5.24.35.png","_id":"5ef2dfef40fcdd2eff402103","email":"admin@gmail.com","username":"박쑤진"},"views":2,"title":"오이지무침 맛있어 오이지무침 맛있어 오이지무침 맛있어 오이지무침 맛있어 오이지무침 맛있어 오이지무침 맛있어 ","body":"<p>닭도리탕 맛있어&nbsp;닭도리탕 맛있어&nbsp;닭도리탕 맛있어&nbsp;닭도리탕 맛있어&nbsp;닭도리탕 맛있어&nbsp;닭도리탕 맛있어&nbsp;닭도리탕 맛있어&nbsp;닭도리탕 맛있어&nbsp;닭도리탕 맛있어&nbsp;닭도리탕 맛있어&nbsp;닭도리탕 맛있어&nbsp;닭도리탕 맛있어&nbsp;</p>","category":"공지","updatedAt":"2020-07-20T07:28:44.000Z","file":[{"isDeleted":false,"_id":"5f1547acd1335a110b8f3b3b","originalFileName":"Hotel_Reviews.csv","serverFileName":"1595230124021-Hotel_Reviews.csv","size":238154765},{"isDeleted":false,"_id":"5f1547acd1335a110b8f3b3c","originalFileName":"브이월드_WFS_컬럼정보.xlsx","serverFileName":"1595230124427-브이월드_WFS_컬럼정보.xlsx","size":62954},{"isDeleted":false,"_id":"5f1547acd1335a110b8f3b3d","originalFileName":"5f10171c45296d39e09202d5 (1).jpeg","serverFileName":"1595230124428-5f10171c45296d39e09202d5 (1).jpeg","size":1283}],"createdAt":"2020-07-20T07:28:44.434Z","comment":{"_id":"5f1547b9d1335a110b8f3b3e","author":{"image":"1594616003787-스크린샷 2020-07-09 오후 5.24.35.png","_id":"5ef2dfef40fcdd2eff402103","username":"박쑤진","email":"admin@gmail.com"},"parentComment":{"hasComment":"no"},"isDeleted":false,"board":"5f15473dd1335a110b8f3b39","text":"테스트 하나둘 셋","createdAt":"2020-07-20T07:28:57.370Z","__v":0}},{"_id":"5f164e9dbc3ba6200d85049c","author":{"image":"1594616003787-스크린샷 2020-07-09 오후 5.24.35.png","_id":"5ef2dfef40fcdd2eff402103","email":"admin@gmail.com","username":"박쑤진"},"views":10,"title":"ㄴㅇㄹㄴㅇㄹ","body":"<p>ㅁㄴㅇㄹㄴㅇㄹ</p>","category":"공지","file":[{"isDeleted":false,"_id":"5f164e9dbc3ba6200d85049d","originalFileName":"189687_423331_bundle_archive.zip","serverFileName":"1595297436905-189687_423331_bundle_archive.zip","size":291957415}],"createdAt":"2020-07-21T02:10:37.596Z","__v":0}],"comment":[{"_id":"5f15463ad1335a110b8f3b27","author":{"image":"1594616003787-스크린샷 2020-07-09 오후 5.24.35.png","_id":"5ef2dfef40fcdd2eff402103","username":"박쑤진","email":"admin@gmail.com"},"parentComment":{"hasComment":"no"},"isDeleted":false,"board":"5f154631d1335a110b8f3b25","text":"테스트입니다. 테스트입니다. ","createdAt":"2020-07-20T07:22:34.046Z","__v":0},{"_id":"5f1546cfd1335a110b8f3b33","author":{"_id":"5ef2dfef40fcdd2eff402103","username":"박쑤진","email":"admin@gmail.com","image":"1594616003787-스크린샷 2020-07-09 오후 5.24.35.png"},"parentComment":{"hasComment":"no"},"isDeleted":false,"board":"5f1546b4d1335a110b8f3b32","text":"김치말이국수김치말이국수김치말이국수김치말이국수김치말이국수김치말이국수김치말이국수김치말이국수김치말이국수김치말이국수김치말이국수김치말이국수김치말이국수김치말이국수김치말이국수김치말이국수김치말이국수","createdAt":"2020-07-20T07:25:03.084Z","__v":0,"updatedAt":"2020-07-20T07:25:12.077Z"},{"_id":"5f1546d2d1335a110b8f3b34","author":{"image":"1594616003787-스크린샷 2020-07-09 오후 5.24.35.png","_id":"5ef2dfef40fcdd2eff402103","username":"박쑤진","email":"admin@gmail.com"},"parentComment":{"hasComment":"no"},"isDeleted":false,"board":"5f1546b4d1335a110b8f3b32","text":"김치말이국수김치말이국수김치말이국수김치말이국수김치말이국수김치말이국수김치말이국수김치말이국수김치말이국수ㅍ","createdAt":"2020-07-20T07:25:06.538Z","__v":0},{"_id":"5f1546f5d1335a110b8f3b37","author":{"image":"1594616003787-스크린샷 2020-07-09 오후 5.24.35.png","_id":"5ef2dfef40fcdd2eff402103","username":"박쑤진","email":"admin@gmail.com"},"parentComment":{"hasComment":"no"},"isDeleted":false,"board":"5f1546ead1335a110b8f3b35","text":"물냉면물냉면물냉면물냉면물냉면물냉면물냉면물냉면물냉면물냉면물냉면물냉면","createdAt":"2020-07-20T07:25:41.786Z","__v":0},{"_id":"5f154763d1335a110b8f3b3a","author":{"image":"1594616003787-스크린샷 2020-07-09 오후 5.24.35.png","_id":"5ef2dfef40fcdd2eff402103","username":"박쑤진","email":"admin@gmail.com"},"parentComment":{"hasComment":"no"},"isDeleted":false,"board":"5f15473dd1335a110b8f3b39","text":"테스트입니다.","createdAt":"2020-07-20T07:27:31.562Z","__v":0},{"_id":"5f1547b9d1335a110b8f3b3e","author":{"image":"1594616003787-스크린샷 2020-07-09 오후 5.24.35.png","_id":"5ef2dfef40fcdd2eff402103","username":"박쑤진","email":"admin@gmail.com"},"parentComment":{"hasComment":"no"},"isDeleted":false,"board":"5f15473dd1335a110b8f3b39","text":"테스트 하나둘 셋","createdAt":"2020-07-20T07:28:57.370Z","__v":0}]}